<bright-eyes-coords>
<node address="1" leftX="63" rightX="68" topY="17" bottomY="29"></node>
<node address="2" leftX="80" rightX="85" topY="17" bottomY="29"></node>
<node address="3" leftX="97" rightX="102" topY="17" bottomY="29"></node>
<node address="4" leftX="114" rightX="119" topY="17" bottomY="29"></node>
<node address="5" leftX="131" rightX="136" topY="17" bottomY="29"></node>
<node address="6" leftX="148" rightX="153" topY="17" bottomY="29"></node>
<node address="7" leftX="165" rightX="170" topY="17" bottomY="29"></node>
<node address="8" leftX="182" rightX="187" topY="17" bottomY="29"></node>
<node address="9" leftX="199" rightX="204" topY="17" bottomY="29"></node>
<node address="10" leftX="29" rightX="34" topY="46" bottomY="58"></node>
<node address="11" leftX="46" rightX="51" topY="46" bottomY="58"></node>
<node address="12" leftX="63" rightX="68" topY="46" bottomY="58"></node>
<node address="13" leftX="80" rightX="85" topY="46" bottomY="58"></node>
<node address="14" leftX="97" rightX="102" topY="46" bottomY="58"></node>
<node address="15" leftX="114" rightX="119" topY="46" bottomY="58"></node>
<node address="16" leftX="131" rightX="136" topY="46" bottomY="58"></node>
<node address="17" leftX="148" rightX="153" topY="46" bottomY="58"></node>
<node address="18" leftX="165" rightX="170" topY="46" bottomY="58"></node>
<node address="19" leftX="182" rightX="187" topY="46" bottomY="58"></node>
<node address="20" leftX="199" rightX="204" topY="46" bottomY="58"></node>
<node address="21" leftX="216" rightX="221" topY="46" bottomY="58"></node>
<node address="22" leftX="12" rightX="17" topY="75" bottomY="87"></node>
<node address="23" leftX="29" rightX="34" topY="75" bottomY="87"></node>
<node address="24" leftX="46" rightX="51" topY="75" bottomY="87"></node>
<node address="25" leftX="63" rightX="68" topY="75" bottomY="87"></node>
<node address="26" leftX="80" rightX="85" topY="75" bottomY="87"></node>
<node address="27" leftX="97" rightX="102" topY="75" bottomY="87"></node>
<node address="28" leftX="114" rightX="119" topY="75" bottomY="87"></node>
<node address="29" leftX="131" rightX="136" topY="75" bottomY="87"></node>
<node address="30" leftX="148" rightX="153" topY="75" bottomY="87"></node>
<node address="31" leftX="165" rightX="170" topY="75" bottomY="87"></node>
<node address="32" leftX="182" rightX="187" topY="75" bottomY="87"></node>
<node address="33" leftX="199" rightX="204" topY="75" bottomY="87"></node>
<node address="34" leftX="216" rightX="221" topY="75" bottomY="87"></node>
<node address="35" leftX="233" rightX="238" topY="75" bottomY="87"></node>
<node address="36" leftX="250" rightX="255" topY="75" bottomY="87"></node>
<node address="37" leftX="12" rightX="17" topY="104" bottomY="116"></node>
<node address="38" leftX="29" rightX="34" topY="104" bottomY="116"></node>
<node address="39" leftX="46" rightX="51" topY="104" bottomY="116"></node>
<node address="40" leftX="63" rightX="68" topY="104" bottomY="116"></node>
<node address="41" leftX="80" rightX="85" topY="104" bottomY="116"></node>
<node address="42" leftX="97" rightX="102" topY="104" bottomY="116"></node>
<node address="43" leftX="114" rightX="119" topY="104" bottomY="116"></node>
<node address="44" leftX="131" rightX="136" topY="104" bottomY="116"></node>
<node address="45" leftX="148" rightX="153" topY="104" bottomY="116"></node>
<node address="46" leftX="165" rightX="170" topY="104" bottomY="116"></node>
<node address="47" leftX="182" rightX="187" topY="104" bottomY="116"></node>
<node address="48" leftX="199" rightX="204" topY="104" bottomY="116"></node>
<node address="49" leftX="216" rightX="221" topY="104" bottomY="116"></node>
<node address="50" leftX="233" rightX="238" topY="104" bottomY="116"></node>
<node address="51" leftX="250" rightX="255" topY="104" bottomY="116"></node>
<node address="52" leftX="12" rightX="17" topY="133" bottomY="145"></node>
<node address="53" leftX="29" rightX="34" topY="133" bottomY="145"></node>
<node address="54" leftX="46" rightX="51" topY="133" bottomY="145"></node>
<node address="55" leftX="63" rightX="68" topY="133" bottomY="145"></node>
<node address="56" leftX="80" rightX="85" topY="133" bottomY="145"></node>
<node address="57" leftX="97" rightX="102" topY="133" bottomY="145"></node>
<node address="58" leftX="114" rightX="119" topY="133" bottomY="145"></node>
<node address="59" leftX="131" rightX="136" topY="133" bottomY="145"></node>
<node address="60" leftX="148" rightX="153" topY="133" bottomY="145"></node>
<node address="61" leftX="165" rightX="170" topY="133" bottomY="145"></node>
<node address="62" leftX="182" rightX="187" topY="133" bottomY="145"></node>
<node address="63" leftX="199" rightX="204" topY="133" bottomY="145"></node>
<node address="64" leftX="216" rightX="221" topY="133" bottomY="145"></node>
<node address="65" leftX="233" rightX="238" topY="133" bottomY="145"></node>
<node address="66" leftX="250" rightX="255" topY="133" bottomY="145"></node>
<node address="67" leftX="29" rightX="34" topY="162" bottomY="174"></node>
<node address="68" leftX="46" rightX="51" topY="162" bottomY="174"></node>
<node address="69" leftX="63" rightX="68" topY="162" bottomY="174"></node>
<node address="70" leftX="80" rightX="85" topY="162" bottomY="174"></node>
<node address="71" leftX="97" rightX="102" topY="162" bottomY="174"></node>
<node address="72" leftX="114" rightX="119" topY="162" bottomY="174"></node>
<node address="73" leftX="131" rightX="136" topY="162" bottomY="174"></node>
<node address="74" leftX="148" rightX="153" topY="162" bottomY="174"></node>
<node address="75" leftX="165" rightX="170" topY="162" bottomY="174"></node>
<node address="76" leftX="182" rightX="187" topY="162" bottomY="174"></node>
<node address="77" leftX="199" rightX="204" topY="162" bottomY="174"></node>
<node address="78" leftX="216" rightX="221" topY="162" bottomY="174"></node>
<node address="79" leftX="63" rightX="68" topY="191" bottomY="203"></node>
<node address="80" leftX="80" rightX="85" topY="191" bottomY="203"></node>
<node address="81" leftX="97" rightX="102" topY="191" bottomY="203"></node>
<node address="82" leftX="114" rightX="119" topY="191" bottomY="203"></node>
<node address="83" leftX="131" rightX="136" topY="191" bottomY="203"></node>
<node address="84" leftX="148" rightX="153" topY="191" bottomY="203"></node>
<node address="85" leftX="165" rightX="170" topY="191" bottomY="203"></node>
<node address="86" leftX="182" rightX="187" topY="191" bottomY="203"></node>
<node address="87" leftX="199" rightX="204" topY="191" bottomY="203"></node>
<node address="88" leftX="423" rightX="428" topY="17" bottomY="29"></node>
<node address="89" leftX="440" rightX="445" topY="17" bottomY="29"></node>
<node address="90" leftX="457" rightX="462" topY="17" bottomY="29"></node>
<node address="91" leftX="474" rightX="479" topY="17" bottomY="29"></node>
<node address="92" leftX="491" rightX="496" topY="17" bottomY="29"></node>
<node address="93" leftX="508" rightX="513" topY="17" bottomY="29"></node>
<node address="94" leftX="525" rightX="530" topY="17" bottomY="29"></node>
<node address="95" leftX="542" rightX="547" topY="17" bottomY="29"></node>
<node address="96" leftX="559" rightX="564" topY="17" bottomY="29"></node>
<node address="97" leftX="406" rightX="411" topY="46" bottomY="58"></node>
<node address="98" leftX="423" rightX="428" topY="46" bottomY="58"></node>
<node address="99" leftX="440" rightX="445" topY="46" bottomY="58"></node>
<node address="100" leftX="457" rightX="462" topY="46" bottomY="58"></node>
<node address="101" leftX="474" rightX="479" topY="46" bottomY="58"></node>
<node address="102" leftX="491" rightX="496" topY="46" bottomY="58"></node>
<node address="103" leftX="508" rightX="513" topY="46" bottomY="58"></node>
<node address="104" leftX="525" rightX="530" topY="46" bottomY="58"></node>
<node address="105" leftX="542" rightX="547" topY="46" bottomY="58"></node>
<node address="106" leftX="559" rightX="564" topY="46" bottomY="58"></node>
<node address="107" leftX="576" rightX="581" topY="46" bottomY="58"></node>
<node address="108" leftX="593" rightX="598" topY="46" bottomY="58"></node>
<node address="109" leftX="372" rightX="377" topY="75" bottomY="87"></node>
<node address="110" leftX="389" rightX="394" topY="75" bottomY="87"></node>
<node address="111" leftX="406" rightX="411" topY="75" bottomY="87"></node>
<node address="112" leftX="423" rightX="428" topY="75" bottomY="87"></node>
<node address="113" leftX="440" rightX="445" topY="75" bottomY="87"></node>
<node address="114" leftX="457" rightX="462" topY="75" bottomY="87"></node>
<node address="115" leftX="474" rightX="479" topY="75" bottomY="87"></node>
<node address="116" leftX="491" rightX="496" topY="75" bottomY="87"></node>
<node address="117" leftX="508" rightX="513" topY="75" bottomY="87"></node>
<node address="118" leftX="525" rightX="530" topY="75" bottomY="87"></node>
<node address="119" leftX="542" rightX="547" topY="75" bottomY="87"></node>
<node address="120" leftX="559" rightX="564" topY="75" bottomY="87"></node>
<node address="121" leftX="576" rightX="581" topY="75" bottomY="87"></node>
<node address="122" leftX="593" rightX="598" topY="75" bottomY="87"></node>
<node address="123" leftX="610" rightX="615" topY="75" bottomY="87"></node>
<node address="124" leftX="372" rightX="377" topY="104" bottomY="116"></node>
<node address="125" leftX="389" rightX="394" topY="104" bottomY="116"></node>
<node address="126" leftX="406" rightX="411" topY="104" bottomY="116"></node>
<node address="127" leftX="423" rightX="428" topY="104" bottomY="116"></node>
<node address="128" leftX="440" rightX="445" topY="104" bottomY="116"></node>
<node address="129" leftX="457" rightX="462" topY="104" bottomY="116"></node>
<node address="130" leftX="474" rightX="479" topY="104" bottomY="116"></node>
<node address="131" leftX="491" rightX="496" topY="104" bottomY="116"></node>
<node address="132" leftX="508" rightX="513" topY="104" bottomY="116"></node>
<node address="133" leftX="525" rightX="530" topY="104" bottomY="116"></node>
<node address="134" leftX="542" rightX="547" topY="104" bottomY="116"></node>
<node address="135" leftX="559" rightX="564" topY="104" bottomY="116"></node>
<node address="136" leftX="576" rightX="581" topY="104" bottomY="116"></node>
<node address="137" leftX="593" rightX="598" topY="104" bottomY="116"></node>
<node address="138" leftX="610" rightX="615" topY="104" bottomY="116"></node>
<node address="139" leftX="372" rightX="377" topY="133" bottomY="145"></node>
<node address="140" leftX="389" rightX="394" topY="133" bottomY="145"></node>
<node address="141" leftX="406" rightX="411" topY="133" bottomY="145"></node>
<node address="142" leftX="423" rightX="428" topY="133" bottomY="145"></node>
<node address="143" leftX="440" rightX="445" topY="133" bottomY="145"></node>
<node address="144" leftX="457" rightX="462" topY="133" bottomY="145"></node>
<node address="145" leftX="474" rightX="479" topY="133" bottomY="145"></node>
<node address="146" leftX="491" rightX="496" topY="133" bottomY="145"></node>
<node address="147" leftX="508" rightX="513" topY="133" bottomY="145"></node>
<node address="148" leftX="525" rightX="530" topY="133" bottomY="145"></node>
<node address="149" leftX="542" rightX="547" topY="133" bottomY="145"></node>
<node address="150" leftX="559" rightX="564" topY="133" bottomY="145"></node>
<node address="151" leftX="576" rightX="581" topY="133" bottomY="145"></node>
<node address="152" leftX="593" rightX="598" topY="133" bottomY="145"></node>
<node address="153" leftX="610" rightX="615" topY="133" bottomY="145"></node>
<node address="154" leftX="406" rightX="411" topY="162" bottomY="174"></node>
<node address="155" leftX="423" rightX="428" topY="162" bottomY="174"></node>
<node address="156" leftX="440" rightX="445" topY="162" bottomY="174"></node>
<node address="157" leftX="457" rightX="462" topY="162" bottomY="174"></node>
<node address="158" leftX="474" rightX="479" topY="162" bottomY="174"></node>
<node address="159" leftX="491" rightX="496" topY="162" bottomY="174"></node>
<node address="160" leftX="508" rightX="513" topY="162" bottomY="174"></node>
<node address="161" leftX="525" rightX="530" topY="162" bottomY="174"></node>
<node address="162" leftX="542" rightX="547" topY="162" bottomY="174"></node>
<node address="163" leftX="559" rightX="564" topY="162" bottomY="174"></node>
<node address="164" leftX="576" rightX="581" topY="162" bottomY="174"></node>
<node address="165" leftX="593" rightX="598" topY="162" bottomY="174"></node>
<node address="166" leftX="423" rightX="428" topY="191" bottomY="203"></node>
<node address="167" leftX="440" rightX="445" topY="191" bottomY="203"></node>
<node address="168" leftX="457" rightX="462" topY="191" bottomY="203"></node>
<node address="169" leftX="474" rightX="479" topY="191" bottomY="203"></node>
<node address="170" leftX="491" rightX="496" topY="191" bottomY="203"></node>
<node address="171" leftX="508" rightX="513" topY="191" bottomY="203"></node>
<node address="172" leftX="525" rightX="530" topY="191" bottomY="203"></node>
<node address="173" leftX="542" rightX="547" topY="191" bottomY="203"></node>
<node address="174" leftX="559" rightX="564" topY="191" bottomY="203"></node>
<outputSize width="627" height="220"></outputSize>
</bright-eyes-coords>
